Title,Reference,Price
"RODILLERA SEBA PRO", "PRO-SKPZ", "29,95 €"
"ROLLERBLADE RODILLERA SKATE GEAR", "069P0600 100", "15,95 €"
"REKD PROTECCIONES RODILLERA RAMPA ROSA", "RKD620-ROSA", "24,95 €"
"REKD PROTECCIONES RODILLERA RAMPA AZUL", "RKD620-AZUL", "24,95 €"
"REKD PROTECCIONES RODILLERA RAMPA ROJA", "RKD620-ROJA", "24,95 €"
"REKD PROTECCIONES RODILLERA RAMPA NEGRA", "RKD620", "24,95 €"
"POWERSLIDE RODILLERA PS STANDAR", "903236", "14,95 €"
"POWERSLIDE RODILLERA INFANTIL PRO VELOCIDAD", "903272", "44,89 €"
"PLAYLIFE RODILLERA ADULTO", "880051", "8,50 €"
"ENNUI SHOCK SLEVE RODILLERA", "920091", "64,95 €"
"ENNUI SHOCK SLEEVE PRO RODILLERA", "920096", "89,95 €"
"ENNUI RODILLERA ELLE AVE (GASKET)", "920042", "39,99 €"
"ENNUI RODILLERA ELLE ALY", "920041", "49,99 €"
"ROLLERBLADE RODILLERA URBAN PAD", "067P1000 100", "59,95 €"
"PLAYLIFE CODERA ADULTO", "880052", "8,50 €"